{"cameraMode":{"drawMode":0,"name":"Shaded","section":"Shading Mode"},"sceneLighting":false,"audioPlay":false,"sceneViewState":{"showFog":true,"showMaterialUpdate":false,"showSkybox":true,"showFlares":true,"showImageEffects":true,"showParticleSystems":true},"in2DMode":false,"pivot":{"x":0.199249267578125,"y":0.9462890625,"z":0.9169921875},"rotation":{"x":0.36100834608078005,"y":-0.6190658211708069,"z":0.38385114073753359,"w":0.5823133587837219},"size":7.550670146942139,"orthographic":true}