{"cameraMode":{"drawMode":0,"name":"Shaded","section":"Shading Mode"},"sceneLighting":false,"audioPlay":false,"sceneViewState":{"showFog":true,"showMaterialUpdate":false,"showSkybox":true,"showFlares":true,"showImageEffects":true,"showParticleSystems":true},"in2DMode":false,"pivot":{"x":-0.79913330078125,"y":1.2890625,"z":-0.40380859375},"rotation":{"x":0.4944134056568146,"y":-0.09350432455539704,"z":0.05362793058156967,"w":0.8625174760818481},"size":4.918365955352783,"orthographic":true}