{"cameraMode":{"drawMode":0,"name":"Shaded","section":"Shading Mode"},"sceneLighting":false,"audioPlay":false,"sceneViewState":{"showFog":true,"showMaterialUpdate":false,"showSkybox":true,"showFlares":true,"showImageEffects":true,"showParticleSystems":true},"in2DMode":false,"pivot":{"x":0.459930419921875,"y":-0.183837890625,"z":-0.13232421875},"rotation":{"x":0.16425129771232606,"y":-0.001475524972192943,"z":0.0002834786137100309,"w":0.9864174127578735},"size":3.922348737716675,"orthographic":true}