{"cameraMode":{"drawMode":0,"name":"Shaded","section":"Shading Mode"},"sceneLighting":false,"audioPlay":false,"sceneViewState":{"showFog":true,"showMaterialUpdate":false,"showSkybox":true,"showFlares":true,"showImageEffects":true,"showParticleSystems":true},"in2DMode":false,"pivot":{"x":-2.999999761581421,"y":0.5,"z":-0.5339999198913574},"rotation":{"x":0.04527058079838753,"y":0.22666001319885255,"z":-0.010549944825470448,"w":0.9728640913963318},"size":5.472430229187012,"orthographic":true}