{"cameraMode":{"drawMode":0,"name":"Shaded","section":"Shading Mode"},"sceneLighting":false,"audioPlay":false,"sceneViewState":{"showFog":true,"showMaterialUpdate":false,"showSkybox":true,"showFlares":true,"showImageEffects":true,"showParticleSystems":true},"in2DMode":false,"pivot":{"x":-2.0512399673461916,"y":0.9372611045837402,"z":8.975000381469727},"rotation":{"x":0.09734107553958893,"y":-0.008955223485827446,"z":0.0009009491186589003,"w":0.9952104091644287},"size":1.340466022491455,"orthographic":true}